RCSB ID,resolution,year,binding data,comments,ligand rcsb,fasta,n_chains,chemspider_id,ligand_smiles
1gfz,2.30,2000,Ki=0.1mM,1gfz.pdf (CFF) Ki=0.1-0.2mM,CFF,{'A': 'ISVRGLAGVENVTELKKNFNRHLHFTLVKDRNVATPRDYYFALAHTVRDHLVGRWIRTQQHYYEKDPKRIYYLSLEFYMGRTLQNTMVNLALENACDEATYQLGLDMEELEEIEEDAGLGNGGLGRLAACFLDSMATLGLAAYGYGIRYEFGIFNQKICGGWQMEEADDWLRYGNPWEKARPEFTLPVHFYGRVEHTSQGAKWVDTQVVLAMPYDTPVPGYRNNVVNTMRLWSAKAPNDFNLKDFNVGGYIQAVLDRNLAENISRVLYPNDNFFEGKELRLKQEYFVVAATLQDIIRRFKSSKFGCRDPVRTNFDAFPDKVAIQLNDTHPSLAIPELMRVLVDLERLDWDKAWEVTVKTCAYTNHTVIPEALERWPVHLLETLLPRHLQIIYEINQRFLNRVAAAFPGDVDRLRRMSLVEEGAVKRINMAHLCIAGSHAVNGVARIHSEILKKTIFKDFYELEPHKFQNKTNGITPRRWLVLCNPGLAEIIAERIGEEYISDLDQLRKLLSYVDDEAFIRDVAKVKQENKLKFAAYLEREYKVHINPNSLFDVQVKRIHEYKRQLLNCLHVITLYNRIKKEPNKFVVPRTVMIGGKAAPGYHMAKMIIKLITAIGDVVNHDPVVGDRLRVIFLENYRVSLAEKVIPAADLSEQISTAGTEASGTGNMKFMLNGALTIGTMDGANVEMAEEAGEENFFIFGMRVEDVDRLDQRGYNAQEYYDRIPELRQIIEQLSSGFFSPKQPDLFKDIVNMLMHHDRFKVFADYEEYVKCQERVSALYKNPREWTRMVIRNIATSGKFSSDRTIAQYAREIWGVEPSRQRLPAPX'},1,2424,Cn1c(=O)c2c(ncn2C)n(C)c1=O
1l5q,2.25,2002,Kd=108uM,1l5q.pdf (CFF),CFF,"{'A': 'ENVAELKKSFNRHLHFTLVKDRNVATTRDYYFALAHTVRDHLVGRWIRTQQHYYDKCPKRVYYLSLEFYMGRTLQNTMINLGLQNACDEAIYQLGLDIEELEEIEEDAGLGNGGLGRLAACFLDSMATLGLAAYGYGIRYEYGIFNQKIRDGWQVEEADDWLRYGNPWEKSRPEFMLPVHFYGKVEHTNTGTKWIDTQVVLALPYDTPVPGYMNNTVNTMRLWSARAPYIQAVLDRNLAENISRVLYPNDNFFEGKELRLKQEYFVVAATLQDIIRRFKASKFGSTRGAGTVFDAFPDQVAIQLNDTHPALAIPELMRIFVDIEKLPWSKAWELTQKTFAYTNHTVLPEALERWPVDLVEKLLPRHLEIIYEINQKHLDRIVALFPKDVDRLRRMSLIEEEGSKRINMAHLCIVGSHAVNGVAKIHSDIVKTKVFKDFSELEPDKFQNKTNGITPRRWLLLCNPGLAELIAEKIGEDYVKDLSQLTKLHSFLGDDVFLRELAKVKQENKLKFSQFLETEYKVKINPSSMFDVQVKRIHEYKRQLLNCLHVITMYNRIKKDPKKLFVPRTVIIGGKAAPGYHMAKMIIKLITSVADVVNNDPMVGSKLKVIFLENYRVSLAEKVIPATDLSEQISTAGTEASGTGNMKFMLNGALTIGTMDGANVEMAEEAGEENLFIFGMRIDDVAALDKKGYEAKEYYEALPELKLVIDQIDNGFFSPKQPDLFKDIINMLFYHDRFKVFADYEAYVKCQDKVSQLYMNPKAWNTMVLKNIAASGKFSSDRTIKEYAQNIWNVEPSX', 'B': 'NVAELKKSFNRHLHFTLVKDRNVATTRDYYFALAHTVRDHLVGRWIRTQQHYYDKCPKRVYYLSLEFYMGRTLQNTMINLGLQNACDEAIYQLGLDIEELEEIEEDAGLGNGGLGRLAACFLDSMATLGLAAYGYGIRYEYGIFNQKIRDGWQVEEADDWLRYGNPWEKSRPEFMLPVHFYGKVEHTNTGTKWIDTQVVLALPYDTPVPGYMNNTVNTMRLWSARAPNDNLRDFNVGDYIQAVLDRNLAENISRVLYPNDNFFEGKELRLKQEYFVVAATLQDIIRRFKASKFGSTRGAGTVFDAFPDQVAIQLNDTHPALAIPELMRIFVDIEKLPWSKAWELTQKTFAYTNHTVLPEALERWPVDLVEKLLPRHLEIIYEINQKHLDRIVALFPKDVDRLRRMSLIEEEGSKRINMAHLCIVGSHAVNGVAKIHSDIVKTKVFKDFSELEPDKFQNKTNGITPRRWLLLCNPGLAELIAEKIGEDYVKDLSQLTKLHSFLGDDVFLRELAKVKQENKLKFSQFLETEYKVKINPSSMFDVQVKRIHEYKRQLLNCLHVITMYNRIKKDPKKLFVPRTVIIGGKAAPGYHMAKMIIKLITSVADVVNNDPMVGSKLKVIFLENYRVSLAEKVIPATDLSEQISTAGTEASGTGNMKFMLNGALTIGTMDGANVEMAEEAGEENLFIFGMRIDDVAALDKKGYEAKEYYEALPELKLVIDQIDNGFFSPKQPDLFKDIINMLFYHDRFKVFADYEAYVKCQDKVSQLYMNPKAWNTMVLKNIAASGKFSSDRTIKEYAQNIWNVEPSX'}",2,2424,Cn1c(=O)c2c(ncn2C)n(C)c1=O
1l7x,2.30,2002,Kd=92uM,1l7x.pdf (CFF),CFF,"{'A': 'ENVAELKKSFNRHLHFTLVKDRNVATTRDYYFALAHTVRDHLVGRWIRTQQHYYDKCPKRVYYLSLEFYMGRTLQNTMINLGLQNACDEAIYQLGLDIEELEEIEEDAGLGNGGLGRLAACFLDSMATLGLAAYGYGIRYEYGIFNQKIRDGWQVEEADDWLRYGNPWEKSRPEFMLPVHFYGKVEHTNTGTKWIDTQVVLALPYDTPVPGYMNNTVNTMRLWSARAPNDFNLRDFNVGDYIQAVLDRNLAENISRVLYPNDNFFEGKELRLKQEYFVVAATLQDIIRRFKASKVFDAFPDQVAIQLNDTHPALAIPELMRIFVDIEKLPWSKAWELTQKTFAYTNHTVLPEALERWPVDLVEKLLPRHLEIIYEINQKHLDRIVALFPKDVDRLRRMSLIEEEGSKRINMAHLCIVGSHAVNGVAKIHSDIVKTKVFKDFSELEPDKFQNKTNGITPRRWLLLCNPGLAELIAEKIGEDYVKDLSQLTKLHSFLGDDVFLRELAKVKQENKLKFSQFLETEYKVKINPSSMFDVQVKRIHEYKRQLLNCLHVITMYNRIKKDPKKLFVPRTVIIGGKAAPGYHMAKMIIKLITSVADVVNNDPMVGSKLKVIFLENYRVSLAEKVIPATDLSEQISTAGTEASGTGNMKFMLNGALTIGTMDGANVEMAEEAGEENLFIFGMRIDDVAALDKKGYEAKEYYEALPELKLVIDQIDNGFFSPKQPDLFKDIINMLFYHDRFKVFADYEAYVKCQDKVSQLYMNPKAWNTMVLKNIAASGKFSSDRTIKEYAQNIWNVEPX', 'B': 'GVENVAELKKSFNRHLHFTLVKDRNVATTRDYYFALAHTVRDHLVGRWIRTQQHYYDKCPKRVYYLSLEFYMGRTLQNTMINLGLQNACDEAIYQLGLDIEELEEIEEDAGLGNGGLGRLAACFLDSMATLGLAAYGYGIRYEYGIFNQKIRDGWQVEEADDWLRYGNPWEKSRPEFMLPVHFYGKVEHTNTGTKWIDTQVVLALPYDTPVPGYMNNTVNTMRLWSARAPNDFNLRDFNVGDYIQAVLDRNLAENISRVLYPNDNFFEGKELRLKQEYFVVAATLQDIIRRFKASKFGSTRGAGTVFDAFPDQVAIQLNDTHPALAIPELMRIFVDIEKLPWSKAWELTQKTFAYTNHTVLPEALERWPVDLVEKLLPRHLEIIYEINQKHLDRIVALFPKDVDRLRRMSLIEEEGSKRINMAHLCIVGSHAVNGVAKIHSDIVKTKVFKDFSELEPDKFQNKTNGITPRRWLLLCNPGLAELIAEKIGEDYVKDLSQLTKLHSFLGDDVFLRELAKVKQENKLKFSQFLETEYKVKINPSSMFDVQVKRIHEYKRQLLNCLHVITMYNRIKKDPKKLFVPRTVIIGGKAAPGYHMAKMIIKLITSVADVVNNDPMVGSKLKVIFLENYRVSLAEKVIPATDLSEQISTAGTEASGTGNMKFMLNGALTIGTMDGANVEMAEEAGEENLFIFGMRIDDVAALDKKGYEAKEYYEALPELKLVIDQIDNGFFSPKQPDLFKDIINMLFYHDRFKVFADYEAYVKCQDKVSQLYMNPKAWNTMVLKNIAASGKFSSDRTIKEYAQNIWNVEPSX'}",2,2424,Cn1c(=O)c2c(ncn2C)n(C)c1=O
1uw6,2.20,2004,Kd=45.2nM,1uw6.pdf (NCT),NCT,"{'A': 'EFDRADILYNIRQTSRPDVIPTQRDRPVAVSVSLKFINILEVNEITNEVDVVFWQQTTWSDRTLAWNSSHSPDQVSVPISSLWVPDLAAYNAISKPEVLTPQLARVVSDGEVLYMPSIRQRFSCDVSGVDTESGATCRIKIGSWTHHSREISVDPTTENSDDSEYFSQYSRFEILDVTQKKNSVTYSCCPEAYEDVEVSLNFRKKGRS', 'B': 'EFDRADILYNIRQTSRPDVIPTQRDRPVAVSVSLKFINILEVNEITNEVDVVFWQQTTWSDRTLAWNSSHSPDQVSVPISSLWVPDLAAYNAISKPEVLTPQLARVVSDGEVLYMPSIRQRFSCDVSGVDTESGATCRIKIGSWTHHSREISVDPTTENSDDSEYFSQYSRFEILDVTQKKNSVTYSCCPEAYEDVEVSLNFRKKG'}",2,917,CN1CCCC1c1cccnc1
2a3b,1.90,2005,IC50=469uM,2a3b.pdf (CFF),CFF,"{'A': 'ASSGYRSVVYFVNWAIYGRNHNPQDLPVERLTHVLYAFANVRPETGEVYMTDSWADIEKHYPGDSWSDTGNNVYGCIKQLYLLKKQNRNLKVLLSIGGWTYSPNFAPAASTDAGRKNFAKTAVKLLQDLGFDGLDIDWEYPENDQQANDFVLLLKEVRTALDSYSAANAGGQHFLLTVASPAGPDKIKVLHLKDMDQQLDFWNLMAYDYAGSFSSLSGHQANVYNDTSNPLSTPFNTQTALDLYRAGGVPANKIVLGMPLYGRSFANTDGPGKPYNGVGQGSWENGVWDYKALPQAGATEHVLPDIMASYSYDATNKFLISYDNPQVANLKSGYIKSLGLGGAMWWDSSSDKTGSDSLITTVVNALGGTGVFEQSQNELDYPVSQYDNLRNGMQ', 'B': 'ASSGYRSVVYFVNWAIYGRNHNPQDLPVERLTHVLYAFANVRPETGEVYMTDSWADIEKHYPGDSWSDTGNNVYGCIKQLYLLKKQNRNLKVLLSIGGWTYSPNFAPAASTDAGRKNFAKTAVKLLQDLGFDGLDIDWEYPENDQQANDFVLLLKEVRTALDSYSAANAGGQHFLLTVASPAGPDKIKVLHLKDMDQQLDFWNLMAYDYAGSFSSLSGHQANVYNDTSNPLSTPFNTQTALDLYRAGGVPANKIVLGMPLYGRSFANTDGPGKPYNGVGQGSWENGVWDYKALPQAGATEHVLPDIMASYSYDATNKFLISYDNPQVANLKSGYIKSLGLGGAMWWDSSSDKTGSDSLITTVVNALGGTGVFEQSQNELDYPVSQYDNLRNGMQ'}",2,2424,Cn1c(=O)c2c(ncn2C)n(C)c1=O
3g6m,1.65,2010,Ki=19.7mM,3g6m.pdf (CFF) Fragment: residues 21-426; Ki=19.7+/-0.3mM,CFF,{'A': 'TGSINAVYFTNWGIYGRNFQPADLQASKILHVLYSFMNLRVDGTVYSGDTYADLEKHYSDDSWNDIGTNAYGCVKQLYKLKKANRSLKIMLSIGGWTWSTNFPAAASTEATRATFAKTAVEFMKDWGFDGIDVDWEYPASETDANNMVLLLQRVRQELDSYSATYANGYHFQLSIAAPAGPSHYNVLKLAQLGSVLDNINLMAYDYAGSWDSVSGHQTNLYPSTSNPSSTPFSTKAAVDAYIAAGVPASKIILGMPIYGRAFVGTDGPGKPYSTIGEGSWESGIWDYKVLPKAGATVITDSAAGATYSYDSSSRTMISYDTPDMVRTKVSYAKGLGLGGSMFWEASADKTGSDSLIGTALSSMGSHDSTQNCLSYPNSKFDNIKNSLS'},1,2424,Cn1c(=O)c2c(ncn2C)n(C)c1=O
2yk1,1.85,2011,Kd=7.4nM,2yk1.pdf (NCT),NCT,"{'H': 'QLLESGPGLVKPSETLSLTCTVSGGSIWGWIRQPPGKGLEWIGSIYSSGSTYYNPSLKSRVTTSVDTSKNQFSLRLSSVTAADTAVYYCVAWFGDLLSLKGVELWGQGTLVTVSSASTKGPSVFPLAPCSRSTSESTAALGCLVKDYFPEPVTVSWNSGALTSGVHTFPAVLQSSGLYSLSSVVTVPSSNFGTQTYTCNVDHKPSNTKV', 'L': 'ELTQPPSASGTPGQRVTISCSGSSSNIGSNYVYWYQQLPGTAPKLLIYRNNQRPSGVPDRFSGSKSGTSASLAISGLRSEDEADYYCAAWDDSLSAWVFGGGTQLDILGQPKAAPSVTLFPPSSEELQAPKATLVCLISDFYPGAVTVAWKADSSPVKAGVETTTPSKQSNNKYAASSYLSLTPEQWKSHRSYSCQVTHEGSTVEKT'}",2,917,CN1CCCC1c1cccnc1
4uin,2.50,2015,Kd=24nM,4uik.pdf (QI9) ligand is quinine,QI9,"{'H': 'EVQLQQSGTVLARPGASVKMSCEASGYTFTSYWMHWLKKRPGQGLEWIGTIYPGNSDSSYNQRFKGKAKLTAVTSTSTAYMELSSLTNEDSAVYYCTRERGLYYGGRSFDYWGQGTTLTVSSAKTTPPSVYPLAPGSAAQTNSMVTLGCLVKGYFPEPVTVTWNSGSLSSGVHTFPAVLESDLYTLSSSVTVPSSPRPSETVTCNVAHPASSTKVDKKIVPRDCG', 'L': 'DIQMTQTTSSLSASLGDRVTISCRASQDISNYLTWYQQKPDGTVKLLIYYTSKLHSGVPSRFSGSGSGTDYSLTISNLEQEDVANYFCQQGNSLPPTFGGGTKLEIKRADAAPTVSIFPPSSEQLTSGGASVVCFLNNFYPKDINVKWKIDGSERQNGVLNSWTDQDSKDSTYSMSSTLTLTKDEYERHNSYTCEATHKTSTSPIVKSFNRNEC'}",2,84989,C=C[C@H]1CN2CC[C@H]1C[C@H]2[C@H](O)c1ccnc2ccc(OC)cc12
4uil,2.85,2015,Kd=58nM,4uik.pdf (QI9) ligand is quinine,QI9,"{'H': 'AVQLQESGTVLARPGASVKMSCKASGYTFTSYWMHWVKQRPGQGLEWIGAIYPGNSDTSYNQKFKGKAKLTAVTSTSTAYMELSSLTNEDSAVYYCTRERGLYYGSSSFDYWGQGTTLTVSSAETTPPSVYPLAPSMVTLGCLVKGYFPEPVTVTWNSGSLSSGVHTFPAVLQSDLYTLSSSVTVPSSTWPSQTVTCNVAHPASSTKVDKKIVPR', 'L': 'DIVMTQTTSSLSASLGDRVTISCRASQDISNYLSWYQQKPDGTVKVLIYYTSKLHSGVPSRFSGSGSGTDYSLTISNLEQEDIATYFCQQGNTLPPTFGGGTKLEIKRADAAPTVSIFPPSSEQLTSGGASVVCFLNNFYPKDINVKWKIDGSERQNGVLNSWTDQDSKDSTYSMSSTLTLTKDEYERHNSYTCEATHKTSTSPIVKSFNRNE'}",2,84989,C=C[C@H]1CN2CC[C@H]1C[C@H]2[C@H](O)c1ccnc2ccc(OC)cc12
5kxi,3.94,2016,Ki=18.2nM,5kxi.pdf (NCT) ligand is nicotine.,NCT,"{'A': 'AHAEERLLKKLFSGYNKWSRPVANISDVVLVRFGLSIAQLIDVDEKNQMMTTNVWVKQEWHDYKLRWDPADYENVTSIRIPSELIWRPDIVLYNNADGDFAVTHLTKAHLFHDGRVQWTPPAIYKSSCSIDVTFFPFDQQNCTMKFGSWTYDKAKIDLVNMHSRVDQLDFWESGEWVIVDAVGTYNTRKYECCAEIYPDITYAFVIRRLPLFYTINLIIPCLLISCLTVLVFYLPSECGEKITLCISVLLSLTVFLLLITEIIPSTSLVIPLIGEYLLFTMIFVTLSIVITVFVLNVHHRSPRTHTMPTWVRRVFLDIVPRLLRSVKEDWKYVAMVIDRIFLWMFIIVCLLGTVGLFLPPWX', 'B': 'TDTEERLVEHLLDPSRYNKLIRPATNGSELVTVQLMVSLAQLISVHEREQIMTTNVWLTQEWEDYRLTWKPEEFDNMKKVRLPSKHIWLPDVVLYNNADGMYEVSFYSNAVVSYDGSIFWLPPAIYKSACKIEVKHFPFDQQNCTMKFRSWTYDRTEIDLVLKSEVASLDDFTPSGEWDIVALPGRRNENPDDSTYVDITYDFIIRRKPLFYTINLIIPCVLITSLAILVFYLPSDCGEKMTLCISVLLALTVFLLLISKIVPPTSLDVPLVGKYLMFTMVLVTFSIVTSVCVLNVHHRSPTTHTMAPWVKVVFLEKLPALLFMQQPRHHDDDQERSVSEDWKYVAMVIDRLFLWIFVFVCVFGTIGMFLQPLX', 'C': 'TDTEERLVEHLLDPSRYNKLIRPATNGSELVTVQLMVSLAQLISVHEREQIMTTNVWLTQEWEDYRLTWKPEEFDNMKKVRLPSKHIWLPDVVLYNNADGMYEVSFYSNAVVSYDGSIFWLPPAIYKSACKIEVKHFPFDQQNCTMKFRSWTYDRTEIDLVLKSEVASLDDFTPSGEWDIVALPGRRNENPDDSTYVDITYDFIIRRKPLFYTINLIIPCVLITSLAILVFYLPSDCGEKMTLCISVLLALTVFLLLISKIVPPTSLDVPLVGKYLMFTMVLVTFSIVTSVCVLNVHHRSPTTHTMAPWVKVVFLEKLPALLFMQQPRHHDDDQERSVSEDWKYVAMVIDRLFLWIFVFVCVFGTIGMFLQPLX', 'D': 'AHAEERLLKKLFSGYNKWSRPVANISDVVLVRFGLSIAQLIDVDEKNQMMTTNVWVKQEWHDYKLRWDPADYENVTSIRIPSELIWRPDIVLYNNADGDFAVTHLTKAHLFHDGRVQWTPPAIYKSSCSIDVTFFPFDQQNCTMKFGSWTYDKAKIDLVNMHSRVDQLDFWESGEWVIVDAVGTYNTRKYECCAEIYPDITYAFVIRRLPLFYTINLIIPCLLISCLTVLVFYLPSECGEKITLCISVLLSLTVFLLLITEIIPSTSLVIPLIGEYLLFTMIFVTLSIVITVFVLNVHHRSPRTHTMPTWVRRVFLDIVPRLLLMKRPSVVDTDFERSVKEDWKYVAMVIDRIFLWMFIIVCLLGTVGLFLPPWX', 'E': 'TDTEERLVEHLLDPSRYNKLIRPATNGSELVTVQLMVSLAQLISVHEREQIMTTNVWLTQEWEDYRLTWKPEEFDNMKKVRLPSKHIWLPDVVLYNNADGMYEVSFYSNAVVSYDGSIFWLPPAIYKSACKIEVKHFPFDQQNCTMKFRSWTYDRTEIDLVLKSEVASLDDFTPSGEWDIVALPGRRNENPDDSTYVDITYDFIIRRKPLFYTINLIIPCVLITSLAILVFYLPSDCGEKMTLCISVLLALTVFLLLISKIVPPTSLDVPLVGKYLMFTMVLVTFSIVTSVCVLNVHHRSPTTHTMAPWVKVVFLEKLPALLFMQQPRHHDDDQERSVSEDWKYVAMVIDRLFLWIFVFVCVFGTIGMFLQPLX'}",5,917,CN1CCCC1c1cccnc1
6cnk,3.70,2018,Kd=17.0nM,6cnj.pdf (NCT) Kd=10.2-26.6nM; Receptor plus Fab,NCT,"{'A': 'ETRAHAEERLLKKLFSGYNKWSRPVANISDVVLVRFGLSIAQLIDVDEKNQMMTTNVWVKQEWHDYKLRWDPADYENVTSIRIPSELIWRPDIVLYNNADGDFAVTHLTKAHLFHDGRVQWTPPAIYKSSCSIDVTFFPFDQQNCTMKFGSWTYDKAKIDLVNMHSRVDQLDFWESGEWVIVDAVGTYNTRKYECCAEIYPDITYAFVIRRLPLFYTINLIIPCLLISCLTVLVFYLPSECGEKITLCISVLLSLTVFLLLITEIIPSTSLVIPLIGEYLLFTMIFVTLSIVITVFVLNVHHRSPRTHTMPTWVRRVFLDIVPRLLLMKRPSVVDTDFERSVKEDWKYVAMVIDRIFLWMFIIVCLLGTVGLFLPPWX', 'B': 'HAEERLLKKLFSGYNKWSRPVANISDVVLVRFGLSIAQLIDVDEKNQMMTTNVWVKQEWHDYKLRWDPADYENVTSIRIPSELIWRPDIVLYNNADGDFAVTHLTKAHLFHDGRVQWTPPAIYKSSCSIDVTFFPFDQQNCTMKFGSWTYDKAKIDLVNMHSRVDQLDFWESGEWVIVDAVGTYNTRKYECCAEIYPDITYAFVIRRLPLFYTINLIIPCLLISCLTVLVFYLPSECGEKITLCISVLLSLTVFLLLITEIIPSTSLVIPLIGEYLLFTMIFVTLSIVITVFVLNVHHRSPRTHTMPTWVRRVFLDIVPRLLLMKRPSVVDTDFERSVKEDWKYVAMVIDRIFLWMFIIVCLLGTVGLFLPPWX', 'C': 'DTEERLVEHLLDPSRYNKLIRPATNGSELVTVQLMVSLAQLISVHEREQIMTTNVWLTQEWEDYRLTWKPEEFDNMKKVRLPSKHIWLPDVVLYNNADGMYEVSFYSNAVVSYDGSIFWLPPAIYKSACKIEVKHFPFDQQNCTMKFRSWTYDRTEIDLVLKSEVASLDDFTPSGEWDIVALPGRRNENPDDSTYVDITYDFIIRRKPLFYTINLIIPCVLITSLAILVFYLPSDCGEKMTLCISVLLALTVFLLLISKIVPPTSLDVPLVGKYLMFTMVLVTFSIVTSVCVLNVHHRSPTTHTMAPWVKVVFLEKLPALLFMQQPRHHDDDQERSVSEDWKYVAMVIDRLFLWIFVFVCVFGTIGMF', 'D': 'ETRAHAEERLLKKLFSGYNKWSRPVANISDVVLVRFGLSIAQLIDVDEKNQMMTTNVWVKQEWHDYKLRWDPADYENVTSIRIPSELIWRPDIVLYNNADGDFAVTHLTKAHLFHDGRVQWTPPAIYKSSCSIDVTFFPFDQQNCTMKFGSWTYDKAKIDLVNMHSRVDQLDFWESGEWVIVDAVGTYNTRKYECCAEIYPDITYAFVIRRLPLFYTINLIIPCLLISCLTVLVFYLPSECGEKITLCISVLLSLTVFLLLITEIIPSTSLVIPLIGEYLLFTMIFVTLSIVITVFVLNVHHRSPRTHTMPTWVRRVFLDIVPRLLLMKRPSVVDTDFERSVKEDWKYVAMVIDRIFLWMFIIVCLLGTVGLFLPPWX', 'E': 'DTEERLVEHLLDPSRYNKLIRPATNGSELVTVQLMVSLAQLISVHEREQIMTTNVWLTQEWEDYRLTWKPEEFDNMKKVRLPSKHIWLPDVVLYNNADGMYEVSFYSNAVVSYDGSIFWLPPAIYKSACKIEVKHFPFDQQNCTMKFRSWTYDRTEIDLVLKSEVASLDDFTPSGEWDIVALPGRRNENPDDSTYVDITYDFIIRRKPLFYTINLIIPCVLITSLAILVFYLPSDCGEKMTLCISVLLALTVFLLLISKIVPPTSLDVPLVGKYLMFTMVLVTFSIVTSVCVLNVHHRSPTTHTMAPWVKVVFLEKLPALLFMQQPRHHDDDQERSVSEDWKYVAMVIDRLFLWIFVFVCVFGTIGMF', 'F': 'DVLMTQTPLSLPVSLGDQASISCRSSQSIVHSNGNTYLEWYLQKPGQSPKLLIYKVSNRFSGVPDRFSGSGSGTDFTLKISRVEAEDLGVYYCFQGSHVPWTFGGGTKLEIKRADAAPTVSIFPPSSEQLTSGGASVVCFLNNFYPKDINVKWKIDGSERQNGVLNSWTDQDSKDSTYSMSSTLTLTKDEYERHNSYTCEATHKTSTSPIVKSFNRNE', 'G': 'VQLQQSGAEVMKPGASVKISCKGTGYTFSSYWIEWVKQRPGHGLERIGEILPGSGSTNYNEKFRGKATFTADKSSKTAYMQLSSLTSEDSAVYYCARYLPYYYAMDYWGQGTSVTVSSAKTTPPSVYPLAPGSAAQTNSMVTLGCLVKGYFPEPVTVTWNSGSLSSGVHTFPAVLQSDLYTLSSSVTVPSSTWPSETVTCNVAHPASSTKVDKKIVPR', 'J': 'DVLMTQTPLSLPVSLGDQASISCRSSQSIVHSNGNTYLEWYLQKPGQSPKLLIYKVSNRFSGVPDRFSGSGSGTDFTLKISRVEAEDLGVYYCFQGSHVPWTFGGGTKLEIKRADAAPTVSIFPPSSEQLTSGGASVVCFLNNFYPKDINVKWKIDGSERQNGVLNSWTDQDSKDSTYSMSSTLTLTKDEYERHNSYTCEATHKTSTSPIVKSFNRNE', 'K': 'VQLQQSGAEVMKPGASVKISCKGTGYTFSSYWIEWVKQRPGHGLERIGEILPGSGSTNYNEKFRGKATFTADKSSKTAYMQLSSLTSEDSAVYYCARYLPYYYAMDYWGQGTSVTVSSAKTTPPSVYPLAPGSAAQTNSMVTLGCLVKGYFPEPVTVTWNSGSLSSGVHTFPAVLQSDLYTLSSSVTVPSSTWPSETVTCNVAHPASSTKVDKKIVPR'}",9,917,CN1CCCC1c1cccnc1
5o87,2.20,2018,Kd=245nM,5o87.pdf (NCT) Kd=245+/-20nM,NCT,"{'A': 'QANLMRLKSDLFNRSPMYPGPTKDDPLTVTLGFTLQDIVKVDSSTNEVDLVYYEQQRWKLNSLMWDPNEYGNITDFRTSAADIWTPDITAYSSTRPVQVLSPQIAVVTHDGSVMFIPAQRLSFMCDPTGVDSEEGVTCAVKFGSWVYSGFEIDLKTDTDQVDLSSYYASSKYEILSATQTRQVQHYSCCPEPYIDVNLVVKFRERRX', 'B': 'QANLMRLKSDLFNRSPMYPGPTKDDPLTVTLGFTLQDIVKVDSSTNEVDLVYYEQQRWKLNSLMWDPNEYGNITDFRTSAADIWTPDITAYSSTRPVQVLSPQIAVVTHDGSVMFIPAQRLSFMCDPTGVDSEEGVTCAVKFGSWVYSGFEIDLKTDTDQVDLSSYYASSKYEILSATQTRQVQHYSCCPEPYIDVNLVVKFRERRAGNGFFX', 'C': 'QANLMRLKSDLFNRSPMYPGPTKDDPLTVTLGFTLQDIVKVDSSTNEVDLVYYEQQRWKLNSLMWDPNEYGNITDFRTSAADIWTPDITAYSSTRPVQVLSPQIAVVTHDGSVMFIPAQRLSFMCDPTGVDSEEGVTCAVKFGSWVYSGFEIDLKTDTDQVDLSSYYASSKYEILSATQTRQVQHYSCCPEPYIDVNLVVKFRERRX', 'D': 'QANLMRLKSDLFNRSPMYPGPTKDDPLTVTLGFTLQDIVKVDSSTNEVDLVYYEQQRWKLNSLMWDPNEYGNITDFRTSAADIWTPDITAYSSTRPVQVLSPQIAVVTHDGSVMFIPAQRLSFMCDPTGVDSEEGVTCAVKFGSWVYSGFEIDLKTDTDQVDLSSYYASSKYEILSATQTRQVQHYSCCPEPYIDVNLVVKFRERRX', 'E': 'QANLMRLKSDLFNRSPMYPGPTKDDPLTVTLGFTLQDIVKVDSSTNEVDLVYYEQQRWKLNSLMWDPNEYGNITDFRTSAADIWTPDITAYSSTRPVQVLSPQIAVVTHDGSVMFIPAQRLSFMCDPTGVDSEEGVTCAVKFGSWVYSGFEIDLKTDTDQVDLSSYYASSKYEILSATQTRQVQHYSCCPEPYIDVNLVVKFRERRX', 'F': 'QANLMRLKSDLFNRSPMYPGPTKDDPLTVTLGFTLQDIVKVDSSTNEVDLVYYEQQRWKLNSLMWDPNEYGNITDFRTSAADIWTPDITAYSSTRPVQVLSPQIAVVTHDGSVMFIPAQRLSFMCDPTGVDSEEGVTCAVKFGSWVYSGFEIDLKTDTDQVDLSSYYASSKYEILSATQTRQVQHYSCCPEPYIDVNLVVKFRERRX', 'G': 'QANLMRLKSDLFNRSPMYPGPTKDDPLTVTLGFTLQDIVKVDSSTNEVDLVYYEQQRWKLNSLMWDPNEYGNITDFRTSAADIWTPDITAYSSTRPVQVLSPQIAVVTHDGSVMFIPAQRLSFMCDPTGVDSEEGVTCAVKFGSWVYSGFEIDLKTDTDQVDLSSYYASSKYEILSATQTRQVQHYSCCPEPYIDVNLVVKFRERRX', 'H': 'QANLMRLKSDLFNRSPMYPGPTKDDPLTVTLGFTLQDIVKVDSSTNEVDLVYYEQQRWKLNSLMWDPNEYGNITDFRTSAADIWTPDITAYSSTRPVQVLSPQIAVVTHDGSVMFIPAQRLSFMCDPTGVDSEEGVTCAVKFGSWVYSGFEIDLKTDTDQVDLSSYYASSKYEILSATQTRQVQHYSCCPEPYIDVNLVVKFRERX', 'I': 'QANLMRLKSDLFNRSPMYPGPTKDDPLTVTLGFTLQDIVKVDSSTNEVDLVYYEQQRWKLNSLMWDPNEYGNITDFRTSAADIWTPDITAYSSTRPVQVLSPQIAVVTHDGSVMFIPAQRLSFMCDPTGVDSEEGVTCAVKFGSWVYSGFEIDLKTDTDQVDLSSYYASSKYEILSATQTRQVQHYSCCPEPYIDVNLVVKFRERRX', 'J': 'QANLMRLKSDLFNRSPMYPGPTKDDPLTVTLGFTLQDIVKVDSSTNEVDLVYYEQQRWKLNSLMWDPNEYGNITDFRTSAADIWTPDITAYSSTRPVQVLSPQIAVVTHDGSVMFIPAQRLSFMCDPTGVDSEEGVTCAVKFGSWVYSGFEIDLKTDTDQVDLSSYYASSKYEILSATQTRQVQHYSCCPEPYIDVNLVVKFRERRX'}",10,917,CN1CCCC1c1cccnc1
6cnj,3.40,2018,Kd=7.7nM,6cnj.pdf (NCT) Kd=6.9-8.6nM; Receptor alone,NCT,"{'A': 'ETRAHAEERLLKKLFSGYNKWSRPVANISDVVLVRFGLSIAQLIDVDEKNQMMTTNVWVKQEWHDYKLRWDPADYENVTSIRIPSELIWRPDIVLYNNADGDFAVTHLTKAHLFHDGRVQWTPPAIYKSSCSIDVTFFPFDQQNCTMKFGSWTYDKAKIDLVNMHSRVDQLDFWESGEWVIVDAVGTYNTRKYECCAEIYPDITYAFVIRRLPLFYTINLIIPCLLISCLTVLVFYLPSECGEKITLCISVLLSLTVFLLLITEIIPSTSLVIPLIGEYLLFTMIFVTLSIVITVFVLNVHHRSPRTHTMPTWVRRVFLDIVPRLLLMKRPSVVDTDFERSVKEDWKYVAMVIDRIFLWMFIIVCLLGTVGLFLPPWX', 'B': 'DTEERLVEHLLDPSRYNKLIRPATNGSELVTVQLMVSLAQLISVHEREQIMTTNVWLTQEWEDYRLTWKPEEFDNMKKVRLPSKHIWLPDVVLYNNADGMYEVSFYSNAVVSYDGSIFWLPPAIYKSACKIEVKHFPFDQQNCTMKFRSWTYDRTEIDLVLKSEVASLDDFTPSGEWDIVALPGRRNENPDDSTYVDITYDFIIRRKPLFYTINLIIPCVLITSLAILVFYLPSDCGEKMTLCISVLLALTVFLLLISKIVPPTSLDVPLVGKYLMFTMVLVTFSIVTSVCVLNVHHRSPTTHTMAPWVKVVFLEKLPALLFMQQPRHHDDDQERSVSEDWKYVAMVIDRLFLWIFVFVCVFGTIGMF'}",2,917,CN1CCCC1c1cccnc1
5znc,1.66,2019,Kd=29.9nM,5znc.pdf (QI9),QI9,"{'A': 'LLRHLKISKEQITPVVLVVGDPGRVDKIKVVCDSYVDLAYNREYKSVECHYKGQKFLCVSHGVGSAGCAVCFEELCQNGAKVIIRAGSCGSLQPDLIKRGDICICNAAVREDRVSHLLIHGDFPAVGDFDVYDTLNKCAQELNVPVFNGISVSSDMYYPNKIIPSRLEDYSKANAAVVEMELATLMVIGTLRKVKTGGILIVDGCPFKWDEGDFDNNLVPHQLENMIKIALGACAKLATKYA', 'B': 'LLRHLKISKEQITPVVLVVGDPGRVDKIKVVCDSYVDLAYNREYKSVECHYKGQKFLCVSHGVGSAGCAVCFEELCQNGAKVIIRAGSCGSLQPDLIKRGDICICNAAVREDRVSHLLIHGDFPAVGDFDVYDTLNKCAQELNVPVFNGISVSSDMYYPNKIIPSRLEDYSKANAAVVEMELATLMVIGTLRKVKTGGILIVDGCPFKWDEGDFDNNLVPHQLENMIKIALGACAKLATKYA', 'C': 'LLRHLKISKEQITPVVLVVGDPGRVDKIKVVCDSYVDLAYNREYKSVECHYKGQKFLCVSHGVGSAGCAVCFEELCQNGAKVIIRAGSCGSLQPDLIKRGDICICNAAVREDRVSHLLIHGDFPAVGDFDVYDTLNKCAQELNVPVFNGISVSSDMYYPNKIIPSRLEDYSKANAAVVEMELATLMVIGTLRKVKTGGILIVDGCPFKWDEGDFDNNLVPHQLENMIKIALGACAKLATKYA', 'D': 'LLRHLKISKEQITPVVLVVGDPGRVDKIKVVCDSYVDLAYNREYKSVECHYKGQKFLCVSHGVGSAGCAVCFEELCQNGAKVIIRAGSCGSLQPDLIKRGDICICNAAVREDRVSHLLIHGDFPAVGDFDVYDTLNKCAQELNVPVFNGISVSSDMYYPNKIIPSRLEDYSKANAAVVEMELATLMVIGTLRKVKTGGILIVDGCPFKWDEGDFDNNLVPHQLENMIKIALGACAKLATKYA', 'E': 'LLRHLKISKEQITPVVLVVGDPGRVDKIKVVCDSYVDLAYNREYKSVECHYKGQKFLCVSHGVGSAGCAVCFEELCQNGAKVIIRAGSCGSLQPDLIKRGDICICNAAVREDRVSHLLIHGDFPAVGDFDVYDTLNKCAQELNVPVFNGISVSSDMYYPNKIIPSRLEDYSKANAAVVEMELATLMVIGTLRKVKTGGILIVDGCPFKWDEGDFDNNLVPHQLENMIKIALGACAKLATKYA', 'F': 'LLRHLKISKEQITPVVLVVGDPGRVDKIKVVCDSYVDLAYNREYKSVECHYKGQKFLCVSHGVGSAGCAVCFEELCQNGAKVIIRAGSCGSLQPDLIKRGDICICNAAVREDRVSHLLIHGDFPAVGDFDVYDTLNKCAQELNVPVFNGISVSSDMYYPNKIIPSRLEDYSKANAAVVEMELATLMVIGTLRKVKTGGILIVDGCPFKWDEGDFDNNLVPHQLENMIKIALGACAKLATKYA'}",6,84989,C=C[C@H]1CN2CC[C@H]1C[C@H]2[C@H](O)c1ccnc2ccc(OC)cc12
